start_nazwa,start_lat,start_lon,koniec_nazwa,koniec_lat,koniec_lon
Warszawa,52.22977,21.01178,Łódź,51.75925,19.45598
Kraków,50.06465,19.94498,Katowice,50.26489,19.02378
Gdańsk,54.35205,18.64637,Sopot,54.44179,18.56015
Wrocław,51.10789,17.03854,Opole,50.6751,17.9213
Poznań,52.40637,16.92517,Szczecin,53.42894,14.55302
